"1","1","北海道","札幌市中央区"
"2","1","北海道","札幌市北区"
"3","1","北海道","札幌市東区"
"4","1","北海道","札幌市白石区"
"5","1","北海道","札幌市豊平区"
"6","1","北海道","札幌市南区"
"7","1","北海道","札幌市西区"
"8","1","北海道","札幌市厚別区"
"9","1","北海道","札幌市手稲区"
"10","1","北海道","札幌市清田区"
"11","1","北海道","函館市"
"12","1","北海道","小樽市"
"13","1","北海道","旭川市"
"14","1","北海道","室蘭市"
"15","1","北海道","釧路市"
"16","1","北海道","帯広市"
"17","1","北海道","北見市"
"18","1","北海道","夕張市"
"19","1","北海道","岩見沢市"
"20","1","北海道","網走市"
"21","1","北海道","留萌市"
"22","1","北海道","苫小牧市"
"23","1","北海道","稚内市"
"24","1","北海道","美唄市"
"25","1","北海道","芦別市"
"26","1","北海道","江別市"
"27","1","北海道","赤平市"
"28","1","北海道","紋別市"
"29","1","北海道","士別市"
"30","1","北海道","名寄市"
"31","1","北海道","三笠市"
"32","1","北海道","根室市"
"33","1","北海道","千歳市"
"34","1","北海道","滝川市"
"35","1","北海道","砂川市"
"36","1","北海道","歌志内市"
"37","1","北海道","深川市"
"38","1","北海道","富良野市"
"39","1","北海道","登別市"
"40","1","北海道","恵庭市"
"41","1","北海道","伊達市"
"42","1","北海道","北広島市"
"43","1","北海道","石狩市"
"44","1","北海道","北斗市"
"45","1","北海道","石狩郡当別町"
"46","1","北海道","石狩郡新篠津村"
"47","1","北海道","松前郡松前町"
"48","1","北海道","松前郡福島町"
"49","1","北海道","上磯郡知内町"
"50","1","北海道","上磯郡木古内町"
"51","1","北海道","亀田郡七飯町"
"52","1","北海道","茅部郡鹿部町"
"53","1","北海道","茅部郡森町"
"54","1","北海道","二海郡八雲町"
"55","1","北海道","山越郡長万部町"
"56","1","北海道","檜山郡江差町"
"57","1","北海道","檜山郡上ノ国町"
"58","1","北海道","檜山郡厚沢部町"
"59","1","北海道","爾志郡乙部町"
"60","1","北海道","奥尻郡奥尻町"
"61","1","北海道","瀬棚郡今金町"
"62","1","北海道","久遠郡せたな町"
"63","1","北海道","島牧郡島牧村"
"64","1","北海道","寿都郡寿都町"
"65","1","北海道","寿都郡黒松内町"
"66","1","北海道","磯谷郡蘭越町"
"67","1","北海道","虻田郡ニセコ町"
"68","1","北海道","虻田郡真狩村"
"69","1","北海道","虻田郡留寿都村"
"70","1","北海道","虻田郡喜茂別町"
"71","1","北海道","虻田郡京極町"
"72","1","北海道","虻田郡倶知安町"
"73","1","北海道","岩内郡共和町"
"74","1","北海道","岩内郡岩内町"
"75","1","北海道","古宇郡泊村"
"76","1","北海道","古宇郡神恵内村"
"77","1","北海道","積丹郡積丹町"
"78","1","北海道","古平郡古平町"
"79","1","北海道","余市郡仁木町"
"80","1","北海道","余市郡余市町"
"81","1","北海道","余市郡赤井川村"
"82","1","北海道","空知郡南幌町"
"83","1","北海道","空知郡奈井江町"
"84","1","北海道","空知郡上砂川町"
"85","1","北海道","夕張郡由仁町"
"86","1","北海道","夕張郡長沼町"
"87","1","北海道","夕張郡栗山町"
"88","1","北海道","樺戸郡月形町"
"89","1","北海道","樺戸郡浦臼町"
"90","1","北海道","樺戸郡新十津川町"
"91","1","北海道","雨竜郡妹背牛町"
"92","1","北海道","雨竜郡秩父別町"
"93","1","北海道","雨竜郡雨竜町"
"94","1","北海道","雨竜郡北竜町"
"95","1","北海道","雨竜郡沼田町"
"96","1","北海道","上川郡鷹栖町"
"97","1","北海道","上川郡東神楽町"
"98","1","北海道","上川郡当麻町"
"99","1","北海道","上川郡比布町"
"100","1","北海道","上川郡愛別町"
"101","1","北海道","上川郡上川町"
"102","1","北海道","上川郡東川町"
"103","1","北海道","上川郡美瑛町"
"104","1","北海道","空知郡上富良野町"
"105","1","北海道","空知郡中富良野町"
"106","1","北海道","空知郡南富良野町"
"107","1","北海道","勇払郡占冠村"
"108","1","北海道","上川郡和寒町"
"109","1","北海道","上川郡剣淵町"
"110","1","北海道","上川郡下川町"
"111","1","北海道","中川郡美深町"
"112","1","北海道","中川郡音威子府村"
"113","1","北海道","中川郡中川町"
"114","1","北海道","雨竜郡幌加内町"
"115","1","北海道","増毛郡増毛町"
"116","1","北海道","留萌郡小平町"
"117","1","北海道","苫前郡苫前町"
"118","1","北海道","苫前郡羽幌町"
"119","1","北海道","苫前郡初山別村"
"120","1","北海道","天塩郡遠別町"
"121","1","北海道","天塩郡天塩町"
"122","1","北海道","宗谷郡猿払村"
"123","1","北海道","枝幸郡浜頓別町"
"124","1","北海道","枝幸郡中頓別町"
"125","1","北海道","枝幸郡枝幸町"
"126","1","北海道","天塩郡豊富町"
"127","1","北海道","礼文郡礼文町"
"128","1","北海道","利尻郡利尻町"
"129","1","北海道","利尻郡利尻富士町"
"130","1","北海道","天塩郡幌延町"
"131","1","北海道","網走郡美幌町"
"132","1","北海道","網走郡津別町"
"133","1","北海道","斜里郡斜里町"
"134","1","北海道","斜里郡清里町"
"135","1","北海道","斜里郡小清水町"
"136","1","北海道","常呂郡訓子府町"
"137","1","北海道","常呂郡置戸町"
"138","1","北海道","常呂郡佐呂間町"
"139","1","北海道","紋別郡遠軽町"
"140","1","北海道","紋別郡湧別町"
"141","1","北海道","紋別郡滝上町"
"142","1","北海道","紋別郡興部町"
"143","1","北海道","紋別郡西興部村"
"144","1","北海道","紋別郡雄武町"
"145","1","北海道","網走郡大空町"
"146","1","北海道","虻田郡豊浦町"
"147","1","北海道","有珠郡壮瞥町"
"148","1","北海道","白老郡白老町"
"149","1","北海道","勇払郡厚真町"
"150","1","北海道","虻田郡洞爺湖町"
"151","1","北海道","勇払郡安平町"
"152","1","北海道","勇払郡むかわ町"
"153","1","北海道","沙流郡日高町"
"154","1","北海道","沙流郡平取町"
"155","1","北海道","新冠郡新冠町"
"156","1","北海道","浦河郡浦河町"
"157","1","北海道","様似郡様似町"
"158","1","北海道","幌泉郡えりも町"
"159","1","北海道","日高郡新ひだか町"
"160","1","北海道","河東郡音更町"
"161","1","北海道","河東郡士幌町"
"162","1","北海道","河東郡上士幌町"
"163","1","北海道","河東郡鹿追町"
"164","1","北海道","上川郡新得町"
"165","1","北海道","上川郡清水町"
"166","1","北海道","河西郡芽室町"
"167","1","北海道","河西郡中札内村"
"168","1","北海道","河西郡更別村"
"169","1","北海道","広尾郡大樹町"
"170","1","北海道","広尾郡広尾町"
"171","1","北海道","中川郡幕別町"
"172","1","北海道","中川郡池田町"
"173","1","北海道","中川郡豊頃町"
"174","1","北海道","中川郡本別町"
"175","1","北海道","足寄郡足寄町"
"176","1","北海道","足寄郡陸別町"
"177","1","北海道","十勝郡浦幌町"
"178","1","北海道","釧路郡釧路町"
"179","1","北海道","厚岸郡厚岸町"
"180","1","北海道","厚岸郡浜中町"
"181","1","北海道","川上郡標茶町"
"182","1","北海道","川上郡弟子屈町"
"183","1","北海道","阿寒郡鶴居村"
"184","1","北海道","白糠郡白糠町"
"185","1","北海道","野付郡別海町"
"186","1","北海道","標津郡中標津町"
"187","1","北海道","標津郡標津町"
"188","1","北海道","目梨郡羅臼町"
"189","2","青森県","青森市"
"190","2","青森県","弘前市"
"191","2","青森県","八戸市"
"192","2","青森県","黒石市"
"193","2","青森県","五所川原市"
"194","2","青森県","十和田市"
"195","2","青森県","三沢市"
"196","2","青森県","むつ市"
"197","2","青森県","つがる市"
"198","2","青森県","平川市"
"199","2","青森県","東津軽郡平内町"
"200","2","青森県","東津軽郡今別町"
"201","2","青森県","東津軽郡蓬田村"
"202","2","青森県","東津軽郡外ヶ浜町"
"203","2","青森県","西津軽郡鰺ヶ沢町"
"204","2","青森県","西津軽郡深浦町"
"205","2","青森県","中津軽郡西目屋村"
"206","2","青森県","南津軽郡藤崎町"
"207","2","青森県","南津軽郡大鰐町"
"208","2","青森県","南津軽郡田舎館村"
"209","2","青森県","北津軽郡板柳町"
"210","2","青森県","北津軽郡鶴田町"
"211","2","青森県","北津軽郡中泊町"
"212","2","青森県","上北郡野辺地町"
"213","2","青森県","上北郡七戸町"
"214","2","青森県","上北郡六戸町"
"215","2","青森県","上北郡横浜町"
"216","2","青森県","上北郡東北町"
"217","2","青森県","上北郡六ヶ所村"
"218","2","青森県","上北郡おいらせ町"
"219","2","青森県","下北郡大間町"
"220","2","青森県","下北郡東通村"
"221","2","青森県","下北郡風間浦村"
"222","2","青森県","下北郡佐井村"
"223","2","青森県","三戸郡三戸町"
"224","2","青森県","三戸郡五戸町"
"225","2","青森県","三戸郡田子町"
"226","2","青森県","三戸郡南部町"
"227","2","青森県","三戸郡階上町"
"228","2","青森県","三戸郡新郷村"
"229","3","岩手県","盛岡市"
"230","3","岩手県","宮古市"
"231","3","岩手県","大船渡市"
"232","3","岩手県","花巻市"
"233","3","岩手県","北上市"
"234","3","岩手県","久慈市"
"235","3","岩手県","遠野市"
"236","3","岩手県","一関市"
"237","3","岩手県","陸前高田市"
"238","3","岩手県","釜石市"
"239","3","岩手県","二戸市"
"240","3","岩手県","八幡平市"
"241","3","岩手県","奥州市"
"242","3","岩手県","滝沢市"
"243","3","岩手県","岩手郡雫石町"
"244","3","岩手県","岩手郡葛巻町"
"245","3","岩手県","岩手郡岩手町"
"246","3","岩手県","紫波郡紫波町"
"247","3","岩手県","紫波郡矢巾町"
"248","3","岩手県","和賀郡西和賀町"
"249","3","岩手県","胆沢郡金ケ崎町"
"250","3","岩手県","西磐井郡平泉町"
"251","3","岩手県","気仙郡住田町"
"252","3","岩手県","上閉伊郡大槌町"
"253","3","岩手県","下閉伊郡山田町"
"254","3","岩手県","下閉伊郡岩泉町"
"255","3","岩手県","下閉伊郡田野畑村"
"256","3","岩手県","下閉伊郡普代村"
"257","3","岩手県","九戸郡軽米町"
"258","3","岩手県","九戸郡野田村"
"259","3","岩手県","九戸郡九戸村"
"260","3","岩手県","九戸郡洋野町"
"261","3","岩手県","二戸郡一戸町"
"262","4","宮城県","仙台市青葉区"
"263","4","宮城県","仙台市宮城野区"
"264","4","宮城県","仙台市若林区"
"265","4","宮城県","仙台市太白区"
"266","4","宮城県","仙台市泉区"
"267","4","宮城県","石巻市"
"268","4","宮城県","塩竈市"
"269","4","宮城県","気仙沼市"
"270","4","宮城県","白石市"
"271","4","宮城県","名取市"
"272","4","宮城県","角田市"
"273","4","宮城県","多賀城市"
"274","4","宮城県","岩沼市"
"275","4","宮城県","登米市"
"276","4","宮城県","栗原市"
"277","4","宮城県","東松島市"
"278","4","宮城県","大崎市"
"279","4","宮城県","富谷市"
"280","4","宮城県","刈田郡蔵王町"
"281","4","宮城県","刈田郡七ヶ宿町"
"282","4","宮城県","柴田郡大河原町"
"283","4","宮城県","柴田郡村田町"
"284","4","宮城県","柴田郡柴田町"
"285","4","宮城県","柴田郡川崎町"
"286","4","宮城県","伊具郡丸森町"
"287","4","宮城県","亘理郡亘理町"
"288","4","宮城県","亘理郡山元町"
"289","4","宮城県","宮城郡松島町"
"290","4","宮城県","宮城郡七ヶ浜町"
"291","4","宮城県","宮城郡利府町"
"292","4","宮城県","黒川郡大和町"
"293","4","宮城県","黒川郡大郷町"
"294","4","宮城県","黒川郡大衡村"
"295","4","宮城県","加美郡色麻町"
"296","4","宮城県","加美郡加美町"
"297","4","宮城県","遠田郡涌谷町"
"298","4","宮城県","遠田郡美里町"
"299","4","宮城県","牡鹿郡女川町"
"300","4","宮城県","本吉郡南三陸町"
"301","5","秋田県","秋田市"
"302","5","秋田県","能代市"
"303","5","秋田県","横手市"
"304","5","秋田県","大館市"
"305","5","秋田県","男鹿市"
"306","5","秋田県","湯沢市"
"307","5","秋田県","鹿角市"
"308","5","秋田県","由利本荘市"
"309","5","秋田県","潟上市"
"310","5","秋田県","大仙市"
"311","5","秋田県","北秋田市"
"312","5","秋田県","にかほ市"
"313","5","秋田県","仙北市"
"314","5","秋田県","鹿角郡小坂町"
"315","5","秋田県","北秋田郡上小阿仁村"
"316","5","秋田県","山本郡藤里町"
"317","5","秋田県","山本郡三種町"
"318","5","秋田県","山本郡八峰町"
"319","5","秋田県","南秋田郡五城目町"
"320","5","秋田県","南秋田郡八郎潟町"
"321","5","秋田県","南秋田郡井川町"
"322","5","秋田県","南秋田郡大潟村"
"323","5","秋田県","仙北郡美郷町"
"324","5","秋田県","雄勝郡羽後町"
"325","5","秋田県","雄勝郡東成瀬村"
"326","6","山形県","山形市"
"327","6","山形県","米沢市"
"328","6","山形県","鶴岡市"
"329","6","山形県","酒田市"
"330","6","山形県","新庄市"
"331","6","山形県","寒河江市"
"332","6","山形県","上山市"
"333","6","山形県","村山市"
"334","6","山形県","長井市"
"335","6","山形県","天童市"
"336","6","山形県","東根市"
"337","6","山形県","尾花沢市"
"338","6","山形県","南陽市"
"339","6","山形県","東村山郡山辺町"
"340","6","山形県","東村山郡中山町"
"341","6","山形県","西村山郡河北町"
"342","6","山形県","西村山郡西川町"
"343","6","山形県","西村山郡朝日町"
"344","6","山形県","西村山郡大江町"
"345","6","山形県","北村山郡大石田町"
"346","6","山形県","最上郡金山町"
"347","6","山形県","最上郡最上町"
"348","6","山形県","最上郡舟形町"
"349","6","山形県","最上郡真室川町"
"350","6","山形県","最上郡大蔵村"
"351","6","山形県","最上郡鮭川村"
"352","6","山形県","最上郡戸沢村"
"353","6","山形県","東置賜郡高畠町"
"354","6","山形県","東置賜郡川西町"
"355","6","山形県","西置賜郡小国町"
"356","6","山形県","西置賜郡白鷹町"
"357","6","山形県","西置賜郡飯豊町"
"358","6","山形県","東田川郡三川町"
"359","6","山形県","東田川郡庄内町"
"360","6","山形県","飽海郡遊佐町"
"361","7","福島県","福島市"
"362","7","福島県","会津若松市"
"363","7","福島県","郡山市"
"364","7","福島県","いわき市"
"365","7","福島県","白河市"
"366","7","福島県","須賀川市"
"367","7","福島県","喜多方市"
"368","7","福島県","相馬市"
"369","7","福島県","二本松市"
"370","7","福島県","田村市"
"371","7","福島県","南相馬市"
"372","7","福島県","伊達市"
"373","7","福島県","本宮市"
"374","7","福島県","伊達郡桑折町"
"375","7","福島県","伊達郡国見町"
"376","7","福島県","伊達郡川俣町"
"377","7","福島県","安達郡大玉村"
"378","7","福島県","岩瀬郡鏡石町"
"379","7","福島県","岩瀬郡天栄村"
"380","7","福島県","南会津郡下郷町"
"381","7","福島県","南会津郡檜枝岐村"
"382","7","福島県","南会津郡只見町"
"383","7","福島県","南会津郡南会津町"
"384","7","福島県","耶麻郡北塩原村"
"385","7","福島県","耶麻郡西会津町"
"386","7","福島県","耶麻郡磐梯町"
"387","7","福島県","耶麻郡猪苗代町"
"388","7","福島県","河沼郡会津坂下町"
"389","7","福島県","河沼郡湯川村"
"390","7","福島県","河沼郡柳津町"
"391","7","福島県","大沼郡三島町"
"392","7","福島県","大沼郡金山町"
"393","7","福島県","大沼郡昭和村"
"394","7","福島県","大沼郡会津美里町"
"395","7","福島県","西白河郡西郷村"
"396","7","福島県","西白河郡泉崎村"
"397","7","福島県","西白河郡中島村"
"398","7","福島県","西白河郡矢吹町"
"399","7","福島県","東白川郡棚倉町"
"400","7","福島県","東白川郡矢祭町"
"401","7","福島県","東白川郡塙町"
"402","7","福島県","東白川郡鮫川村"
"403","7","福島県","石川郡石川町"
"404","7","福島県","石川郡玉川村"
"405","7","福島県","石川郡平田村"
"406","7","福島県","石川郡浅川町"
"407","7","福島県","石川郡古殿町"
"408","7","福島県","田村郡三春町"
"409","7","福島県","田村郡小野町"
"410","7","福島県","双葉郡広野町"
"411","7","福島県","双葉郡楢葉町"
"412","7","福島県","双葉郡富岡町"
"413","7","福島県","双葉郡川内村"
"414","7","福島県","双葉郡大熊町"
"415","7","福島県","双葉郡双葉町"
"416","7","福島県","双葉郡浪江町"
"417","7","福島県","双葉郡葛尾村"
"418","7","福島県","相馬郡新地町"
"419","7","福島県","相馬郡飯舘村"
"420","8","茨城県","水戸市"
"421","8","茨城県","日立市"
"422","8","茨城県","土浦市"
"423","8","茨城県","古河市"
"424","8","茨城県","石岡市"
"425","8","茨城県","結城市"
"426","8","茨城県","龍ケ崎市"
"427","8","茨城県","下妻市"
"428","8","茨城県","常総市"
"429","8","茨城県","常陸太田市"
"430","8","茨城県","高萩市"
"431","8","茨城県","北茨城市"
"432","8","茨城県","笠間市"
"433","8","茨城県","取手市"
"434","8","茨城県","牛久市"
"435","8","茨城県","つくば市"
"436","8","茨城県","ひたちなか市"
"437","8","茨城県","鹿嶋市"
"438","8","茨城県","潮来市"
"439","8","茨城県","守谷市"
"440","8","茨城県","常陸大宮市"
"441","8","茨城県","那珂市"
"442","8","茨城県","筑西市"
"443","8","茨城県","坂東市"
"444","8","茨城県","稲敷市"
"445","8","茨城県","かすみがうら市"
"446","8","茨城県","桜川市"
"447","8","茨城県","神栖市"
"448","8","茨城県","行方市"
"449","8","茨城県","鉾田市"
"450","8","茨城県","つくばみらい市"
"451","8","茨城県","小美玉市"
"452","8","茨城県","東茨城郡茨城町"
"453","8","茨城県","東茨城郡大洗町"
"454","8","茨城県","東茨城郡城里町"
"455","8","茨城県","那珂郡東海村"
"456","8","茨城県","久慈郡大子町"
"457","8","茨城県","稲敷郡美浦村"
"458","8","茨城県","稲敷郡阿見町"
"459","8","茨城県","稲敷郡河内町"
"460","8","茨城県","結城郡八千代町"
"461","8","茨城県","猿島郡五霞町"
"462","8","茨城県","猿島郡境町"
"463","8","茨城県","北相馬郡利根町"
"464","9","栃木県","宇都宮市"
"465","9","栃木県","足利市"
"466","9","栃木県","栃木市"
"467","9","栃木県","佐野市"
"468","9","栃木県","鹿沼市"
"469","9","栃木県","日光市"
"470","9","栃木県","小山市"
"471","9","栃木県","真岡市"
"472","9","栃木県","大田原市"
"473","9","栃木県","矢板市"
"474","9","栃木県","那須塩原市"
"475","9","栃木県","さくら市"
"476","9","栃木県","那須烏山市"
"477","9","栃木県","下野市"
"478","9","栃木県","河内郡上三川町"
"479","9","栃木県","芳賀郡益子町"
"480","9","栃木県","芳賀郡茂木町"
"481","9","栃木県","芳賀郡市貝町"
"482","9","栃木県","芳賀郡芳賀町"
"483","9","栃木県","下都賀郡壬生町"
"484","9","栃木県","下都賀郡野木町"
"485","9","栃木県","塩谷郡塩谷町"
"486","9","栃木県","塩谷郡高根沢町"
"487","9","栃木県","那須郡那須町"
"488","9","栃木県","那須郡那珂川町"
"489","10","群馬県","前橋市"
"490","10","群馬県","高崎市"
"491","10","群馬県","桐生市"
"492","10","群馬県","伊勢崎市"
"493","10","群馬県","太田市"
"494","10","群馬県","沼田市"
"495","10","群馬県","館林市"
"496","10","群馬県","渋川市"
"497","10","群馬県","藤岡市"
"498","10","群馬県","富岡市"
"499","10","群馬県","安中市"
"500","10","群馬県","みどり市"
"501","10","群馬県","北群馬郡榛東村"
"502","10","群馬県","北群馬郡吉岡町"
"503","10","群馬県","多野郡上野村"
"504","10","群馬県","多野郡神流町"
"505","10","群馬県","甘楽郡下仁田町"
"506","10","群馬県","甘楽郡南牧村"
"507","10","群馬県","甘楽郡甘楽町"
"508","10","群馬県","吾妻郡中之条町"
"509","10","群馬県","吾妻郡長野原町"
"510","10","群馬県","吾妻郡嬬恋村"
"511","10","群馬県","吾妻郡草津町"
"512","10","群馬県","吾妻郡高山村"
"513","10","群馬県","吾妻郡東吾妻町"
"514","10","群馬県","利根郡片品村"
"515","10","群馬県","利根郡川場村"
"516","10","群馬県","利根郡昭和村"
"517","10","群馬県","利根郡みなかみ町"
"518","10","群馬県","佐波郡玉村町"
"519","10","群馬県","邑楽郡板倉町"
"520","10","群馬県","邑楽郡明和町"
"521","10","群馬県","邑楽郡千代田町"
"522","10","群馬県","邑楽郡大泉町"
"523","10","群馬県","邑楽郡邑楽町"
"524","11","埼玉県","さいたま市西区"
"525","11","埼玉県","さいたま市北区"
"526","11","埼玉県","さいたま市大宮区"
"527","11","埼玉県","さいたま市見沼区"
"528","11","埼玉県","さいたま市中央区"
"529","11","埼玉県","さいたま市桜区"
"530","11","埼玉県","さいたま市浦和区"
"531","11","埼玉県","さいたま市南区"
"532","11","埼玉県","さいたま市緑区"
"533","11","埼玉県","さいたま市岩槻区"
"534","11","埼玉県","川越市"
"535","11","埼玉県","熊谷市"
"536","11","埼玉県","川口市"
"537","11","埼玉県","行田市"
"538","11","埼玉県","秩父市"
"539","11","埼玉県","所沢市"
"540","11","埼玉県","飯能市"
"541","11","埼玉県","加須市"
"542","11","埼玉県","本庄市"
"543","11","埼玉県","東松山市"
"544","11","埼玉県","春日部市"
"545","11","埼玉県","狭山市"
"546","11","埼玉県","羽生市"
"547","11","埼玉県","鴻巣市"
"548","11","埼玉県","深谷市"
"549","11","埼玉県","上尾市"
"550","11","埼玉県","草加市"
"551","11","埼玉県","越谷市"
"552","11","埼玉県","蕨市"
"553","11","埼玉県","戸田市"
"554","11","埼玉県","入間市"
"555","11","埼玉県","朝霞市"
"556","11","埼玉県","志木市"
"557","11","埼玉県","和光市"
"558","11","埼玉県","新座市"
"559","11","埼玉県","桶川市"
"560","11","埼玉県","久喜市"
"561","11","埼玉県","北本市"
"562","11","埼玉県","八潮市"
"563","11","埼玉県","富士見市"
"564","11","埼玉県","三郷市"
"565","11","埼玉県","蓮田市"
"566","11","埼玉県","坂戸市"
"567","11","埼玉県","幸手市"
"568","11","埼玉県","鶴ヶ島市"
"569","11","埼玉県","日高市"
"570","11","埼玉県","吉川市"
"571","11","埼玉県","ふじみ野市"
"572","11","埼玉県","白岡市"
"573","11","埼玉県","北足立郡伊奈町"
"574","11","埼玉県","入間郡三芳町"
"575","11","埼玉県","入間郡毛呂山町"
"576","11","埼玉県","入間郡越生町"
"577","11","埼玉県","比企郡滑川町"
"578","11","埼玉県","比企郡嵐山町"
"579","11","埼玉県","比企郡小川町"
"580","11","埼玉県","比企郡川島町"
"581","11","埼玉県","比企郡吉見町"
"582","11","埼玉県","比企郡鳩山町"
"583","11","埼玉県","比企郡ときがわ町"
"584","11","埼玉県","秩父郡横瀬町"
"585","11","埼玉県","秩父郡皆野町"
"586","11","埼玉県","秩父郡長瀞町"
"587","11","埼玉県","秩父郡小鹿野町"
"588","11","埼玉県","秩父郡東秩父村"
"589","11","埼玉県","児玉郡美里町"
"590","11","埼玉県","児玉郡神川町"
"591","11","埼玉県","児玉郡上里町"
"592","11","埼玉県","大里郡寄居町"
"593","11","埼玉県","南埼玉郡宮代町"
"594","11","埼玉県","北葛飾郡杉戸町"
"595","11","埼玉県","北葛飾郡松伏町"
"596","12","千葉県","千葉市中央区"
"597","12","千葉県","千葉市花見川区"
"598","12","千葉県","千葉市稲毛区"
"599","12","千葉県","千葉市若葉区"
"600","12","千葉県","千葉市緑区"
"601","12","千葉県","千葉市美浜区"
"602","12","千葉県","銚子市"
"603","12","千葉県","市川市"
"604","12","千葉県","船橋市"
"605","12","千葉県","館山市"
"606","12","千葉県","木更津市"
"607","12","千葉県","松戸市"
"608","12","千葉県","野田市"
"609","12","千葉県","茂原市"
"610","12","千葉県","成田市"
"611","12","千葉県","佐倉市"
"612","12","千葉県","東金市"
"613","12","千葉県","旭市"
"614","12","千葉県","習志野市"
"615","12","千葉県","柏市"
"616","12","千葉県","勝浦市"
"617","12","千葉県","市原市"
"618","12","千葉県","流山市"
"619","12","千葉県","八千代市"
"620","12","千葉県","我孫子市"
"621","12","千葉県","鴨川市"
"622","12","千葉県","鎌ケ谷市"
"623","12","千葉県","君津市"
"624","12","千葉県","富津市"
"625","12","千葉県","浦安市"
"626","12","千葉県","四街道市"
"627","12","千葉県","袖ケ浦市"
"628","12","千葉県","八街市"
"629","12","千葉県","印西市"
"630","12","千葉県","白井市"
"631","12","千葉県","富里市"
"632","12","千葉県","南房総市"
"633","12","千葉県","匝瑳市"
"634","12","千葉県","香取市"
"635","12","千葉県","山武市"
"636","12","千葉県","いすみ市"
"637","12","千葉県","大網白里市"
"638","12","千葉県","印旛郡酒々井町"
"639","12","千葉県","印旛郡栄町"
"640","12","千葉県","香取郡神崎町"
"641","12","千葉県","香取郡多古町"
"642","12","千葉県","香取郡東庄町"
"643","12","千葉県","山武郡九十九里町"
"644","12","千葉県","山武郡芝山町"
"645","12","千葉県","山武郡横芝光町"
"646","12","千葉県","長生郡一宮町"
"647","12","千葉県","長生郡睦沢町"
"648","12","千葉県","長生郡長生村"
"649","12","千葉県","長生郡白子町"
"650","12","千葉県","長生郡長柄町"
"651","12","千葉県","長生郡長南町"
"652","12","千葉県","夷隅郡大多喜町"
"653","12","千葉県","夷隅郡御宿町"
"654","12","千葉県","安房郡鋸南町"
"655","13","東京都","千代田区"
"656","13","東京都","中央区"
"657","13","東京都","港区"
"658","13","東京都","新宿区"
"659","13","東京都","文京区"
"660","13","東京都","台東区"
"661","13","東京都","墨田区"
"662","13","東京都","江東区"
"663","13","東京都","品川区"
"664","13","東京都","目黒区"
"665","13","東京都","大田区"
"666","13","東京都","世田谷区"
"667","13","東京都","渋谷区"
"668","13","東京都","中野区"
"669","13","東京都","杉並区"
"670","13","東京都","豊島区"
"671","13","東京都","北区"
"672","13","東京都","荒川区"
"673","13","東京都","板橋区"
"674","13","東京都","練馬区"
"675","13","東京都","足立区"
"676","13","東京都","葛飾区"
"677","13","東京都","江戸川区"
"678","13","東京都","八王子市"
"679","13","東京都","立川市"
"680","13","東京都","武蔵野市"
"681","13","東京都","三鷹市"
"682","13","東京都","青梅市"
"683","13","東京都","府中市"
"684","13","東京都","昭島市"
"685","13","東京都","調布市"
"686","13","東京都","町田市"
"687","13","東京都","小金井市"
"688","13","東京都","小平市"
"689","13","東京都","日野市"
"690","13","東京都","東村山市"
"691","13","東京都","国分寺市"
"692","13","東京都","国立市"
"693","13","東京都","福生市"
"694","13","東京都","狛江市"
"695","13","東京都","東大和市"
"696","13","東京都","清瀬市"
"697","13","東京都","東久留米市"
"698","13","東京都","武蔵村山市"
"699","13","東京都","多摩市"
"700","13","東京都","稲城市"
"701","13","東京都","羽村市"
"702","13","東京都","あきる野市"
"703","13","東京都","西東京市"
"704","13","東京都","西多摩郡瑞穂町"
"705","13","東京都","西多摩郡日の出町"
"706","13","東京都","西多摩郡檜原村"
"707","13","東京都","西多摩郡奥多摩町"
"708","13","東京都","大島町"
"709","13","東京都","利島村"
"710","13","東京都","新島村"
"711","13","東京都","神津島村"
"712","13","東京都","三宅島三宅村"
"713","13","東京都","御蔵島村"
"714","13","東京都","八丈島八丈町"
"715","13","東京都","青ヶ島村"
"716","13","東京都","小笠原村"
"717","14","神奈川県","横浜市鶴見区"
"718","14","神奈川県","横浜市神奈川区"
"719","14","神奈川県","横浜市西区"
"720","14","神奈川県","横浜市中区"
"721","14","神奈川県","横浜市南区"
"722","14","神奈川県","横浜市保土ケ谷区"
"723","14","神奈川県","横浜市磯子区"
"724","14","神奈川県","横浜市金沢区"
"725","14","神奈川県","横浜市港北区"
"726","14","神奈川県","横浜市戸塚区"
"727","14","神奈川県","横浜市港南区"
"728","14","神奈川県","横浜市旭区"
"729","14","神奈川県","横浜市緑区"
"730","14","神奈川県","横浜市瀬谷区"
"731","14","神奈川県","横浜市栄区"
"732","14","神奈川県","横浜市泉区"
"733","14","神奈川県","横浜市青葉区"
"734","14","神奈川県","横浜市都筑区"
"735","14","神奈川県","川崎市川崎区"
"736","14","神奈川県","川崎市幸区"
"737","14","神奈川県","川崎市中原区"
"738","14","神奈川県","川崎市高津区"
"739","14","神奈川県","川崎市多摩区"
"740","14","神奈川県","川崎市宮前区"
"741","14","神奈川県","川崎市麻生区"
"742","14","神奈川県","相模原市緑区"
"743","14","神奈川県","相模原市中央区"
"744","14","神奈川県","相模原市南区"
"745","14","神奈川県","横須賀市"
"746","14","神奈川県","平塚市"
"747","14","神奈川県","鎌倉市"
"748","14","神奈川県","藤沢市"
"749","14","神奈川県","小田原市"
"750","14","神奈川県","茅ヶ崎市"
"751","14","神奈川県","逗子市"
"752","14","神奈川県","三浦市"
"753","14","神奈川県","秦野市"
"754","14","神奈川県","厚木市"
"755","14","神奈川県","大和市"
"756","14","神奈川県","伊勢原市"
"757","14","神奈川県","海老名市"
"758","14","神奈川県","座間市"
"759","14","神奈川県","南足柄市"
"760","14","神奈川県","綾瀬市"
"761","14","神奈川県","三浦郡葉山町"
"762","14","神奈川県","高座郡寒川町"
"763","14","神奈川県","中郡大磯町"
"764","14","神奈川県","中郡二宮町"
"765","14","神奈川県","足柄上郡中井町"
"766","14","神奈川県","足柄上郡大井町"
"767","14","神奈川県","足柄上郡松田町"
"768","14","神奈川県","足柄上郡山北町"
"769","14","神奈川県","足柄上郡開成町"
"770","14","神奈川県","足柄下郡箱根町"
"771","14","神奈川県","足柄下郡真鶴町"
"772","14","神奈川県","足柄下郡湯河原町"
"773","14","神奈川県","愛甲郡愛川町"
"774","14","神奈川県","愛甲郡清川村"
"775","15","新潟県","新潟市北区"
"776","15","新潟県","新潟市東区"
"777","15","新潟県","新潟市中央区"
"778","15","新潟県","新潟市江南区"
"779","15","新潟県","新潟市秋葉区"
"780","15","新潟県","新潟市南区"
"781","15","新潟県","新潟市西区"
"782","15","新潟県","新潟市西蒲区"
"783","15","新潟県","長岡市"
"784","15","新潟県","三条市"
"785","15","新潟県","柏崎市"
"786","15","新潟県","新発田市"
"787","15","新潟県","小千谷市"
"788","15","新潟県","加茂市"
"789","15","新潟県","十日町市"
"790","15","新潟県","見附市"
"791","15","新潟県","村上市"
"792","15","新潟県","燕市"
"793","15","新潟県","糸魚川市"
"794","15","新潟県","妙高市"
"795","15","新潟県","五泉市"
"796","15","新潟県","上越市"
"797","15","新潟県","阿賀野市"
"798","15","新潟県","佐渡市"
"799","15","新潟県","魚沼市"
"800","15","新潟県","南魚沼市"
"801","15","新潟県","胎内市"
"802","15","新潟県","北蒲原郡聖籠町"
"803","15","新潟県","西蒲原郡弥彦村"
"804","15","新潟県","南蒲原郡田上町"
"805","15","新潟県","東蒲原郡阿賀町"
"806","15","新潟県","三島郡出雲崎町"
"807","15","新潟県","南魚沼郡湯沢町"
"808","15","新潟県","中魚沼郡津南町"
"809","15","新潟県","刈羽郡刈羽村"
"810","15","新潟県","岩船郡関川村"
"811","15","新潟県","岩船郡粟島浦村"
"812","16","富山県","富山市"
"813","16","富山県","高岡市"
"814","16","富山県","魚津市"
"815","16","富山県","氷見市"
"816","16","富山県","滑川市"
"817","16","富山県","黒部市"
"818","16","富山県","砺波市"
"819","16","富山県","小矢部市"
"820","16","富山県","南砺市"
"821","16","富山県","射水市"
"822","16","富山県","中新川郡舟橋村"
"823","16","富山県","中新川郡上市町"
"824","16","富山県","中新川郡立山町"
"825","16","富山県","下新川郡入善町"
"826","16","富山県","下新川郡朝日町"
"827","17","石川県","金沢市"
"828","17","石川県","七尾市"
"829","17","石川県","小松市"
"830","17","石川県","輪島市"
"831","17","石川県","珠洲市"
"832","17","石川県","加賀市"
"833","17","石川県","羽咋市"
"834","17","石川県","かほく市"
"835","17","石川県","白山市"
"836","17","石川県","能美市"
"837","17","石川県","野々市市"
"838","17","石川県","能美郡川北町"
"839","17","石川県","河北郡津幡町"
"840","17","石川県","河北郡内灘町"
"841","17","石川県","羽咋郡志賀町"
"842","17","石川県","羽咋郡宝達志水町"
"843","17","石川県","鹿島郡中能登町"
"844","17","石川県","鳳珠郡穴水町"
"845","17","石川県","鳳珠郡能登町"
"846","18","福井県","福井市"
"847","18","福井県","敦賀市"
"848","18","福井県","小浜市"
"849","18","福井県","大野市"
"850","18","福井県","勝山市"
"851","18","福井県","鯖江市"
"852","18","福井県","あわら市"
"853","18","福井県","越前市"
"854","18","福井県","坂井市"
"855","18","福井県","吉田郡永平寺町"
"856","18","福井県","今立郡池田町"
"857","18","福井県","南条郡南越前町"
"858","18","福井県","丹生郡越前町"
"859","18","福井県","三方郡美浜町"
"860","18","福井県","大飯郡高浜町"
"861","18","福井県","大飯郡おおい町"
"862","18","福井県","三方上中郡若狭町"
"863","19","山梨県","甲府市"
"864","19","山梨県","富士吉田市"
"865","19","山梨県","都留市"
"866","19","山梨県","山梨市"
"867","19","山梨県","大月市"
"868","19","山梨県","韮崎市"
"869","19","山梨県","南アルプス市"
"870","19","山梨県","北杜市"
"871","19","山梨県","甲斐市"
"872","19","山梨県","笛吹市"
"873","19","山梨県","上野原市"
"874","19","山梨県","甲州市"
"875","19","山梨県","中央市"
"876","19","山梨県","西八代郡市川三郷町"
"877","19","山梨県","南巨摩郡早川町"
"878","19","山梨県","南巨摩郡身延町"
"879","19","山梨県","南巨摩郡南部町"
"880","19","山梨県","南巨摩郡富士川町"
"881","19","山梨県","中巨摩郡昭和町"
"882","19","山梨県","南都留郡道志村"
"883","19","山梨県","南都留郡西桂町"
"884","19","山梨県","南都留郡忍野村"
"885","19","山梨県","南都留郡山中湖村"
"886","19","山梨県","南都留郡鳴沢村"
"887","19","山梨県","南都留郡富士河口湖町"
"888","19","山梨県","北都留郡小菅村"
"889","19","山梨県","北都留郡丹波山村"
"890","20","長野県","長野市"
"891","20","長野県","松本市"
"892","20","長野県","上田市"
"893","20","長野県","岡谷市"
"894","20","長野県","飯田市"
"895","20","長野県","諏訪市"
"896","20","長野県","須坂市"
"897","20","長野県","小諸市"
"898","20","長野県","伊那市"
"899","20","長野県","駒ヶ根市"
"900","20","長野県","中野市"
"901","20","長野県","大町市"
"902","20","長野県","飯山市"
"903","20","長野県","茅野市"
"904","20","長野県","塩尻市"
"905","20","長野県","佐久市"
"906","20","長野県","千曲市"
"907","20","長野県","東御市"
"908","20","長野県","安曇野市"
"909","20","長野県","南佐久郡小海町"
"910","20","長野県","南佐久郡川上村"
"911","20","長野県","南佐久郡南牧村"
"912","20","長野県","南佐久郡南相木村"
"913","20","長野県","南佐久郡北相木村"
"914","20","長野県","南佐久郡佐久穂町"
"915","20","長野県","北佐久郡軽井沢町"
"916","20","長野県","北佐久郡御代田町"
"917","20","長野県","北佐久郡立科町"
"918","20","長野県","小県郡青木村"
"919","20","長野県","小県郡長和町"
"920","20","長野県","諏訪郡下諏訪町"
"921","20","長野県","諏訪郡富士見町"
"922","20","長野県","諏訪郡原村"
"923","20","長野県","上伊那郡辰野町"
"924","20","長野県","上伊那郡箕輪町"
"925","20","長野県","上伊那郡飯島町"
"926","20","長野県","上伊那郡南箕輪村"
"927","20","長野県","上伊那郡中川村"
"928","20","長野県","上伊那郡宮田村"
"929","20","長野県","下伊那郡松川町"
"930","20","長野県","下伊那郡高森町"
"931","20","長野県","下伊那郡阿南町"
"932","20","長野県","下伊那郡阿智村"
"933","20","長野県","下伊那郡平谷村"
"934","20","長野県","下伊那郡根羽村"
"935","20","長野県","下伊那郡下條村"
"936","20","長野県","下伊那郡売木村"
"937","20","長野県","下伊那郡天龍村"
"938","20","長野県","下伊那郡泰阜村"
"939","20","長野県","下伊那郡喬木村"
"940","20","長野県","下伊那郡豊丘村"
"941","20","長野県","下伊那郡大鹿村"
"942","20","長野県","木曽郡上松町"
"943","20","長野県","木曽郡南木曽町"
"944","20","長野県","木曽郡木祖村"
"945","20","長野県","木曽郡王滝村"
"946","20","長野県","木曽郡大桑村"
"947","20","長野県","木曽郡木曽町"
"948","20","長野県","東筑摩郡麻績村"
"949","20","長野県","東筑摩郡生坂村"
"950","20","長野県","東筑摩郡山形村"
"951","20","長野県","東筑摩郡朝日村"
"952","20","長野県","東筑摩郡筑北村"
"953","20","長野県","北安曇郡池田町"
"954","20","長野県","北安曇郡松川村"
"955","20","長野県","北安曇郡白馬村"
"956","20","長野県","北安曇郡小谷村"
"957","20","長野県","埴科郡坂城町"
"958","20","長野県","上高井郡小布施町"
"959","20","長野県","上高井郡高山村"
"960","20","長野県","下高井郡山ノ内町"
"961","20","長野県","下高井郡木島平村"
"962","20","長野県","下高井郡野沢温泉村"
"963","20","長野県","上水内郡信濃町"
"964","20","長野県","上水内郡小川村"
"965","20","長野県","上水内郡飯綱町"
"966","20","長野県","下水内郡栄村"
"967","21","岐阜県","岐阜市"
"968","21","岐阜県","大垣市"
"969","21","岐阜県","高山市"
"970","21","岐阜県","多治見市"
"971","21","岐阜県","関市"
"972","21","岐阜県","中津川市"
"973","21","岐阜県","美濃市"
"974","21","岐阜県","瑞浪市"
"975","21","岐阜県","羽島市"
"976","21","岐阜県","恵那市"
"977","21","岐阜県","美濃加茂市"
"978","21","岐阜県","土岐市"
"979","21","岐阜県","各務原市"
"980","21","岐阜県","可児市"
"981","21","岐阜県","山県市"
"982","21","岐阜県","瑞穂市"
"983","21","岐阜県","飛騨市"
"984","21","岐阜県","本巣市"
"985","21","岐阜県","郡上市"
"986","21","岐阜県","下呂市"
"987","21","岐阜県","海津市"
"988","21","岐阜県","羽島郡岐南町"
"989","21","岐阜県","羽島郡笠松町"
"990","21","岐阜県","養老郡養老町"
"991","21","岐阜県","不破郡垂井町"
"992","21","岐阜県","不破郡関ケ原町"
"993","21","岐阜県","安八郡神戸町"
"994","21","岐阜県","安八郡輪之内町"
"995","21","岐阜県","安八郡安八町"
"996","21","岐阜県","揖斐郡揖斐川町"
"997","21","岐阜県","揖斐郡大野町"
"998","21","岐阜県","揖斐郡池田町"
"999","21","岐阜県","本巣郡北方町"
"1000","21","岐阜県","加茂郡坂祝町"
"1001","21","岐阜県","加茂郡富加町"
"1002","21","岐阜県","加茂郡川辺町"
"1003","21","岐阜県","加茂郡七宗町"
"1004","21","岐阜県","加茂郡八百津町"
"1005","21","岐阜県","加茂郡白川町"
"1006","21","岐阜県","加茂郡東白川村"
"1007","21","岐阜県","可児郡御嵩町"
"1008","21","岐阜県","大野郡白川村"
"1009","22","静岡県","静岡市葵区"
"1010","22","静岡県","静岡市駿河区"
"1011","22","静岡県","静岡市清水区"
"1012","22","静岡県","浜松市中区"
"1013","22","静岡県","浜松市東区"
"1014","22","静岡県","浜松市西区"
"1015","22","静岡県","浜松市南区"
"1016","22","静岡県","浜松市北区"
"1017","22","静岡県","浜松市浜北区"
"1018","22","静岡県","浜松市天竜区"
"1019","22","静岡県","沼津市"
"1020","22","静岡県","熱海市"
"1021","22","静岡県","三島市"
"1022","22","静岡県","富士宮市"
"1023","22","静岡県","伊東市"
"1024","22","静岡県","島田市"
"1025","22","静岡県","富士市"
"1026","22","静岡県","磐田市"
"1027","22","静岡県","焼津市"
"1028","22","静岡県","掛川市"
"1029","22","静岡県","藤枝市"
"1030","22","静岡県","御殿場市"
"1031","22","静岡県","袋井市"
"1032","22","静岡県","下田市"
"1033","22","静岡県","裾野市"
"1034","22","静岡県","湖西市"
"1035","22","静岡県","伊豆市"
"1036","22","静岡県","御前崎市"
"1037","22","静岡県","菊川市"
"1038","22","静岡県","伊豆の国市"
"1039","22","静岡県","牧之原市"
"1040","22","静岡県","賀茂郡東伊豆町"
"1041","22","静岡県","賀茂郡河津町"
"1042","22","静岡県","賀茂郡南伊豆町"
"1043","22","静岡県","賀茂郡松崎町"
"1044","22","静岡県","賀茂郡西伊豆町"
"1045","22","静岡県","田方郡函南町"
"1046","22","静岡県","駿東郡清水町"
"1047","22","静岡県","駿東郡長泉町"
"1048","22","静岡県","駿東郡小山町"
"1049","22","静岡県","榛原郡吉田町"
"1050","22","静岡県","榛原郡川根本町"
"1051","22","静岡県","周智郡森町"
"1052","23","愛知県","名古屋市千種区"
"1053","23","愛知県","名古屋市東区"
"1054","23","愛知県","名古屋市北区"
"1055","23","愛知県","名古屋市西区"
"1056","23","愛知県","名古屋市中村区"
"1057","23","愛知県","名古屋市中区"
"1058","23","愛知県","名古屋市昭和区"
"1059","23","愛知県","名古屋市瑞穂区"
"1060","23","愛知県","名古屋市熱田区"
"1061","23","愛知県","名古屋市中川区"
"1062","23","愛知県","名古屋市港区"
"1063","23","愛知県","名古屋市南区"
"1064","23","愛知県","名古屋市守山区"
"1065","23","愛知県","名古屋市緑区"
"1066","23","愛知県","名古屋市名東区"
"1067","23","愛知県","名古屋市天白区"
"1068","23","愛知県","豊橋市"
"1069","23","愛知県","岡崎市"
"1070","23","愛知県","一宮市"
"1071","23","愛知県","瀬戸市"
"1072","23","愛知県","半田市"
"1073","23","愛知県","春日井市"
"1074","23","愛知県","豊川市"
"1075","23","愛知県","津島市"
"1076","23","愛知県","碧南市"
"1077","23","愛知県","刈谷市"
"1078","23","愛知県","豊田市"
"1079","23","愛知県","安城市"
"1080","23","愛知県","西尾市"
"1081","23","愛知県","蒲郡市"
"1082","23","愛知県","犬山市"
"1083","23","愛知県","常滑市"
"1084","23","愛知県","江南市"
"1085","23","愛知県","小牧市"
"1086","23","愛知県","稲沢市"
"1087","23","愛知県","新城市"
"1088","23","愛知県","東海市"
"1089","23","愛知県","大府市"
"1090","23","愛知県","知多市"
"1091","23","愛知県","知立市"
"1092","23","愛知県","尾張旭市"
"1093","23","愛知県","高浜市"
"1094","23","愛知県","岩倉市"
"1095","23","愛知県","豊明市"
"1096","23","愛知県","日進市"
"1097","23","愛知県","田原市"
"1098","23","愛知県","愛西市"
"1099","23","愛知県","清須市"
"1100","23","愛知県","北名古屋市"
"1101","23","愛知県","弥富市"
"1102","23","愛知県","みよし市"
"1103","23","愛知県","あま市"
"1104","23","愛知県","長久手市"
"1105","23","愛知県","愛知郡東郷町"
"1106","23","愛知県","西春日井郡豊山町"
"1107","23","愛知県","丹羽郡大口町"
"1108","23","愛知県","丹羽郡扶桑町"
"1109","23","愛知県","海部郡大治町"
"1110","23","愛知県","海部郡蟹江町"
"1111","23","愛知県","海部郡飛島村"
"1112","23","愛知県","知多郡阿久比町"
"1113","23","愛知県","知多郡東浦町"
"1114","23","愛知県","知多郡南知多町"
"1115","23","愛知県","知多郡美浜町"
"1116","23","愛知県","知多郡武豊町"
"1117","23","愛知県","額田郡幸田町"
"1118","23","愛知県","北設楽郡設楽町"
"1119","23","愛知県","北設楽郡東栄町"
"1120","23","愛知県","北設楽郡豊根村"
"1121","24","三重県","津市"
"1122","24","三重県","四日市市"
"1123","24","三重県","伊勢市"
"1124","24","三重県","松阪市"
"1125","24","三重県","桑名市"
"1126","24","三重県","鈴鹿市"
"1127","24","三重県","名張市"
"1128","24","三重県","尾鷲市"
"1129","24","三重県","亀山市"
"1130","24","三重県","鳥羽市"
"1131","24","三重県","熊野市"
"1132","24","三重県","いなべ市"
"1133","24","三重県","志摩市"
"1134","24","三重県","伊賀市"
"1135","24","三重県","桑名郡木曽岬町"
"1136","24","三重県","員弁郡東員町"
"1137","24","三重県","三重郡菰野町"
"1138","24","三重県","三重郡朝日町"
"1139","24","三重県","三重郡川越町"
"1140","24","三重県","多気郡多気町"
"1141","24","三重県","多気郡明和町"
"1142","24","三重県","多気郡大台町"
"1143","24","三重県","度会郡玉城町"
"1144","24","三重県","度会郡度会町"
"1145","24","三重県","度会郡大紀町"
"1146","24","三重県","度会郡南伊勢町"
"1147","24","三重県","北牟婁郡紀北町"
"1148","24","三重県","南牟婁郡御浜町"
"1149","24","三重県","南牟婁郡紀宝町"
"1150","25","滋賀県","大津市"
"1151","25","滋賀県","彦根市"
"1152","25","滋賀県","長浜市"
"1153","25","滋賀県","近江八幡市"
"1154","25","滋賀県","草津市"
"1155","25","滋賀県","守山市"
"1156","25","滋賀県","栗東市"
"1157","25","滋賀県","甲賀市"
"1158","25","滋賀県","野洲市"
"1159","25","滋賀県","湖南市"
"1160","25","滋賀県","高島市"
"1161","25","滋賀県","東近江市"
"1162","25","滋賀県","米原市"
"1163","25","滋賀県","蒲生郡日野町"
"1164","25","滋賀県","蒲生郡竜王町"
"1165","25","滋賀県","愛知郡愛荘町"
"1166","25","滋賀県","犬上郡豊郷町"
"1167","25","滋賀県","犬上郡甲良町"
"1168","25","滋賀県","犬上郡多賀町"
"1169","26","京都府","京都市北区"
"1170","26","京都府","京都市上京区"
"1171","26","京都府","京都市左京区"
"1172","26","京都府","京都市中京区"
"1173","26","京都府","京都市東山区"
"1174","26","京都府","京都市下京区"
"1175","26","京都府","京都市南区"
"1176","26","京都府","京都市右京区"
"1177","26","京都府","京都市伏見区"
"1178","26","京都府","京都市山科区"
"1179","26","京都府","京都市西京区"
"1180","26","京都府","福知山市"
"1181","26","京都府","舞鶴市"
"1182","26","京都府","綾部市"
"1183","26","京都府","宇治市"
"1184","26","京都府","宮津市"
"1185","26","京都府","亀岡市"
"1186","26","京都府","城陽市"
"1187","26","京都府","向日市"
"1188","26","京都府","長岡京市"
"1189","26","京都府","八幡市"
"1190","26","京都府","京田辺市"
"1191","26","京都府","京丹後市"
"1192","26","京都府","南丹市"
"1193","26","京都府","木津川市"
"1194","26","京都府","乙訓郡大山崎町"
"1195","26","京都府","久世郡久御山町"
"1196","26","京都府","綴喜郡井手町"
"1197","26","京都府","綴喜郡宇治田原町"
"1198","26","京都府","相楽郡笠置町"
"1199","26","京都府","相楽郡和束町"
"1200","26","京都府","相楽郡精華町"
"1201","26","京都府","相楽郡南山城村"
"1202","26","京都府","船井郡京丹波町"
"1203","26","京都府","与謝郡伊根町"
"1204","26","京都府","与謝郡与謝野町"
"1205","27","大阪府","大阪市都島区"
"1206","27","大阪府","大阪市福島区"
"1207","27","大阪府","大阪市此花区"
"1208","27","大阪府","大阪市西区"
"1209","27","大阪府","大阪市港区"
"1210","27","大阪府","大阪市大正区"
"1211","27","大阪府","大阪市天王寺区"
"1212","27","大阪府","大阪市浪速区"
"1213","27","大阪府","大阪市西淀川区"
"1214","27","大阪府","大阪市東淀川区"
"1215","27","大阪府","大阪市東成区"
"1216","27","大阪府","大阪市生野区"
"1217","27","大阪府","大阪市旭区"
"1218","27","大阪府","大阪市城東区"
"1219","27","大阪府","大阪市阿倍野区"
"1220","27","大阪府","大阪市住吉区"
"1221","27","大阪府","大阪市東住吉区"
"1222","27","大阪府","大阪市西成区"
"1223","27","大阪府","大阪市淀川区"
"1224","27","大阪府","大阪市鶴見区"
"1225","27","大阪府","大阪市住之江区"
"1226","27","大阪府","大阪市平野区"
"1227","27","大阪府","大阪市北区"
"1228","27","大阪府","大阪市中央区"
"1229","27","大阪府","堺市堺区"
"1230","27","大阪府","堺市中区"
"1231","27","大阪府","堺市東区"
"1232","27","大阪府","堺市西区"
"1233","27","大阪府","堺市南区"
"1234","27","大阪府","堺市北区"
"1235","27","大阪府","堺市美原区"
"1236","27","大阪府","岸和田市"
"1237","27","大阪府","豊中市"
"1238","27","大阪府","池田市"
"1239","27","大阪府","吹田市"
"1240","27","大阪府","泉大津市"
"1241","27","大阪府","高槻市"
"1242","27","大阪府","貝塚市"
"1243","27","大阪府","守口市"
"1244","27","大阪府","枚方市"
"1245","27","大阪府","茨木市"
"1246","27","大阪府","八尾市"
"1247","27","大阪府","泉佐野市"
"1248","27","大阪府","富田林市"
"1249","27","大阪府","寝屋川市"
"1250","27","大阪府","河内長野市"
"1251","27","大阪府","松原市"
"1252","27","大阪府","大東市"
"1253","27","大阪府","和泉市"
"1254","27","大阪府","箕面市"
"1255","27","大阪府","柏原市"
"1256","27","大阪府","羽曳野市"
"1257","27","大阪府","門真市"
"1258","27","大阪府","摂津市"
"1259","27","大阪府","高石市"
"1260","27","大阪府","藤井寺市"
"1261","27","大阪府","東大阪市"
"1262","27","大阪府","泉南市"
"1263","27","大阪府","四條畷市"
"1264","27","大阪府","交野市"
"1265","27","大阪府","大阪狭山市"
"1266","27","大阪府","阪南市"
"1267","27","大阪府","三島郡島本町"
"1268","27","大阪府","豊能郡豊能町"
"1269","27","大阪府","豊能郡能勢町"
"1270","27","大阪府","泉北郡忠岡町"
"1271","27","大阪府","泉南郡熊取町"
"1272","27","大阪府","泉南郡田尻町"
"1273","27","大阪府","泉南郡岬町"
"1274","27","大阪府","南河内郡太子町"
"1275","27","大阪府","南河内郡河南町"
"1276","27","大阪府","南河内郡千早赤阪村"
"1277","28","兵庫県","神戸市東灘区"
"1278","28","兵庫県","神戸市灘区"
"1279","28","兵庫県","神戸市兵庫区"
"1280","28","兵庫県","神戸市長田区"
"1281","28","兵庫県","神戸市須磨区"
"1282","28","兵庫県","神戸市垂水区"
"1283","28","兵庫県","神戸市北区"
"1284","28","兵庫県","神戸市中央区"
"1285","28","兵庫県","神戸市西区"
"1286","28","兵庫県","姫路市"
"1287","28","兵庫県","尼崎市"
"1288","28","兵庫県","明石市"
"1289","28","兵庫県","西宮市"
"1290","28","兵庫県","洲本市"
"1291","28","兵庫県","芦屋市"
"1292","28","兵庫県","伊丹市"
"1293","28","兵庫県","相生市"
"1294","28","兵庫県","豊岡市"
"1295","28","兵庫県","加古川市"
"1296","28","兵庫県","赤穂市"
"1297","28","兵庫県","西脇市"
"1298","28","兵庫県","宝塚市"
"1299","28","兵庫県","三木市"
"1300","28","兵庫県","高砂市"
"1301","28","兵庫県","川西市"
"1302","28","兵庫県","小野市"
"1303","28","兵庫県","三田市"
"1304","28","兵庫県","加西市"
"1305","28","兵庫県","丹波篠山市"
"1306","28","兵庫県","養父市"
"1307","28","兵庫県","丹波市"
"1308","28","兵庫県","南あわじ市"
"1309","28","兵庫県","朝来市"
"1310","28","兵庫県","淡路市"
"1311","28","兵庫県","宍粟市"
"1312","28","兵庫県","加東市"
"1313","28","兵庫県","たつの市"
"1314","28","兵庫県","川辺郡猪名川町"
"1315","28","兵庫県","多可郡多可町"
"1316","28","兵庫県","加古郡稲美町"
"1317","28","兵庫県","加古郡播磨町"
"1318","28","兵庫県","神崎郡市川町"
"1319","28","兵庫県","神崎郡福崎町"
"1320","28","兵庫県","神崎郡神河町"
"1321","28","兵庫県","揖保郡太子町"
"1322","28","兵庫県","赤穂郡上郡町"
"1323","28","兵庫県","佐用郡佐用町"
"1324","28","兵庫県","美方郡香美町"
"1325","28","兵庫県","美方郡新温泉町"
"1326","29","奈良県","奈良市"
"1327","29","奈良県","大和高田市"
"1328","29","奈良県","大和郡山市"
"1329","29","奈良県","天理市"
"1330","29","奈良県","橿原市"
"1331","29","奈良県","桜井市"
"1332","29","奈良県","五條市"
"1333","29","奈良県","御所市"
"1334","29","奈良県","生駒市"
"1335","29","奈良県","香芝市"
"1336","29","奈良県","葛城市"
"1337","29","奈良県","宇陀市"
"1338","29","奈良県","山辺郡山添村"
"1339","29","奈良県","生駒郡平群町"
"1340","29","奈良県","生駒郡三郷町"
"1341","29","奈良県","生駒郡斑鳩町"
"1342","29","奈良県","生駒郡安堵町"
"1343","29","奈良県","磯城郡川西町"
"1344","29","奈良県","磯城郡三宅町"
"1345","29","奈良県","磯城郡田原本町"
"1346","29","奈良県","宇陀郡曽爾村"
"1347","29","奈良県","宇陀郡御杖村"
"1348","29","奈良県","高市郡高取町"
"1349","29","奈良県","高市郡明日香村"
"1350","29","奈良県","北葛城郡上牧町"
"1351","29","奈良県","北葛城郡王寺町"
"1352","29","奈良県","北葛城郡広陵町"
"1353","29","奈良県","北葛城郡河合町"
"1354","29","奈良県","吉野郡吉野町"
"1355","29","奈良県","吉野郡大淀町"
"1356","29","奈良県","吉野郡下市町"
"1357","29","奈良県","吉野郡黒滝村"
"1358","29","奈良県","吉野郡天川村"
"1359","29","奈良県","吉野郡野迫川村"
"1360","29","奈良県","吉野郡十津川村"
"1361","29","奈良県","吉野郡下北山村"
"1362","29","奈良県","吉野郡上北山村"
"1363","29","奈良県","吉野郡川上村"
"1364","29","奈良県","吉野郡東吉野村"
"1365","30","和歌山県","和歌山市"
"1366","30","和歌山県","海南市"
"1367","30","和歌山県","橋本市"
"1368","30","和歌山県","有田市"
"1369","30","和歌山県","御坊市"
"1370","30","和歌山県","田辺市"
"1371","30","和歌山県","新宮市"
"1372","30","和歌山県","紀の川市"
"1373","30","和歌山県","岩出市"
"1374","30","和歌山県","海草郡紀美野町"
"1375","30","和歌山県","伊都郡かつらぎ町"
"1376","30","和歌山県","伊都郡九度山町"
"1377","30","和歌山県","伊都郡高野町"
"1378","30","和歌山県","有田郡湯浅町"
"1379","30","和歌山県","有田郡広川町"
"1380","30","和歌山県","有田郡有田川町"
"1381","30","和歌山県","日高郡美浜町"
"1382","30","和歌山県","日高郡日高町"
"1383","30","和歌山県","日高郡由良町"
"1384","30","和歌山県","日高郡印南町"
"1385","30","和歌山県","日高郡みなべ町"
"1386","30","和歌山県","日高郡日高川町"
"1387","30","和歌山県","西牟婁郡白浜町"
"1388","30","和歌山県","西牟婁郡上富田町"
"1389","30","和歌山県","西牟婁郡すさみ町"
"1390","30","和歌山県","東牟婁郡那智勝浦町"
"1391","30","和歌山県","東牟婁郡太地町"
"1392","30","和歌山県","東牟婁郡古座川町"
"1393","30","和歌山県","東牟婁郡北山村"
"1394","30","和歌山県","東牟婁郡串本町"
"1395","31","鳥取県","鳥取市"
"1396","31","鳥取県","米子市"
"1397","31","鳥取県","倉吉市"
"1398","31","鳥取県","境港市"
"1399","31","鳥取県","岩美郡岩美町"
"1400","31","鳥取県","八頭郡若桜町"
"1401","31","鳥取県","八頭郡智頭町"
"1402","31","鳥取県","八頭郡八頭町"
"1403","31","鳥取県","東伯郡三朝町"
"1404","31","鳥取県","東伯郡湯梨浜町"
"1405","31","鳥取県","東伯郡琴浦町"
"1406","31","鳥取県","東伯郡北栄町"
"1407","31","鳥取県","西伯郡日吉津村"
"1408","31","鳥取県","西伯郡大山町"
"1409","31","鳥取県","西伯郡南部町"
"1410","31","鳥取県","西伯郡伯耆町"
"1411","31","鳥取県","日野郡日南町"
"1412","31","鳥取県","日野郡日野町"
"1413","31","鳥取県","日野郡江府町"
"1414","32","島根県","松江市"
"1415","32","島根県","浜田市"
"1416","32","島根県","出雲市"
"1417","32","島根県","益田市"
"1418","32","島根県","大田市"
"1419","32","島根県","安来市"
"1420","32","島根県","江津市"
"1421","32","島根県","雲南市"
"1422","32","島根県","仁多郡奥出雲町"
"1423","32","島根県","飯石郡飯南町"
"1424","32","島根県","邑智郡川本町"
"1425","32","島根県","邑智郡美郷町"
"1426","32","島根県","邑智郡邑南町"
"1427","32","島根県","鹿足郡津和野町"
"1428","32","島根県","鹿足郡吉賀町"
"1429","32","島根県","隠岐郡海士町"
"1430","32","島根県","隠岐郡西ノ島町"
"1431","32","島根県","隠岐郡知夫村"
"1432","32","島根県","隠岐郡隠岐の島町"
"1433","33","岡山県","岡山市北区"
"1434","33","岡山県","岡山市中区"
"1435","33","岡山県","岡山市東区"
"1436","33","岡山県","岡山市南区"
"1437","33","岡山県","倉敷市"
"1438","33","岡山県","津山市"
"1439","33","岡山県","玉野市"
"1440","33","岡山県","笠岡市"
"1441","33","岡山県","井原市"
"1442","33","岡山県","総社市"
"1443","33","岡山県","高梁市"
"1444","33","岡山県","新見市"
"1445","33","岡山県","備前市"
"1446","33","岡山県","瀬戸内市"
"1447","33","岡山県","赤磐市"
"1448","33","岡山県","真庭市"
"1449","33","岡山県","美作市"
"1450","33","岡山県","浅口市"
"1451","33","岡山県","和気郡和気町"
"1452","33","岡山県","都窪郡早島町"
"1453","33","岡山県","浅口郡里庄町"
"1454","33","岡山県","小田郡矢掛町"
"1455","33","岡山県","真庭郡新庄村"
"1456","33","岡山県","苫田郡鏡野町"
"1457","33","岡山県","勝田郡勝央町"
"1458","33","岡山県","勝田郡奈義町"
"1459","33","岡山県","英田郡西粟倉村"
"1460","33","岡山県","久米郡久米南町"
"1461","33","岡山県","久米郡美咲町"
"1462","33","岡山県","加賀郡吉備中央町"
"1463","34","広島県","広島市中区"
"1464","34","広島県","広島市東区"
"1465","34","広島県","広島市南区"
"1466","34","広島県","広島市西区"
"1467","34","広島県","広島市安佐南区"
"1468","34","広島県","広島市安佐北区"
"1469","34","広島県","広島市安芸区"
"1470","34","広島県","広島市佐伯区"
"1471","34","広島県","呉市"
"1472","34","広島県","竹原市"
"1473","34","広島県","三原市"
"1474","34","広島県","尾道市"
"1475","34","広島県","福山市"
"1476","34","広島県","府中市"
"1477","34","広島県","三次市"
"1478","34","広島県","庄原市"
"1479","34","広島県","大竹市"
"1480","34","広島県","東広島市"
"1481","34","広島県","廿日市市"
"1482","34","広島県","安芸高田市"
"1483","34","広島県","江田島市"
"1484","34","広島県","安芸郡府中町"
"1485","34","広島県","安芸郡海田町"
"1486","34","広島県","安芸郡熊野町"
"1487","34","広島県","安芸郡坂町"
"1488","34","広島県","山県郡安芸太田町"
"1489","34","広島県","山県郡北広島町"
"1490","34","広島県","豊田郡大崎上島町"
"1491","34","広島県","世羅郡世羅町"
"1492","34","広島県","神石郡神石高原町"
"1493","35","山口県","下関市"
"1494","35","山口県","宇部市"
"1495","35","山口県","山口市"
"1496","35","山口県","萩市"
"1497","35","山口県","防府市"
"1498","35","山口県","下松市"
"1499","35","山口県","岩国市"
"1500","35","山口県","光市"
"1501","35","山口県","長門市"
"1502","35","山口県","柳井市"
"1503","35","山口県","美祢市"
"1504","35","山口県","周南市"
"1505","35","山口県","山陽小野田市"
"1506","35","山口県","大島郡周防大島町"
"1507","35","山口県","玖珂郡和木町"
"1508","35","山口県","熊毛郡上関町"
"1509","35","山口県","熊毛郡田布施町"
"1510","35","山口県","熊毛郡平生町"
"1511","35","山口県","阿武郡阿武町"
"1512","36","徳島県","徳島市"
"1513","36","徳島県","鳴門市"
"1514","36","徳島県","小松島市"
"1515","36","徳島県","阿南市"
"1516","36","徳島県","吉野川市"
"1517","36","徳島県","阿波市"
"1518","36","徳島県","美馬市"
"1519","36","徳島県","三好市"
"1520","36","徳島県","勝浦郡勝浦町"
"1521","36","徳島県","勝浦郡上勝町"
"1522","36","徳島県","名東郡佐那河内村"
"1523","36","徳島県","名西郡石井町"
"1524","36","徳島県","名西郡神山町"
"1525","36","徳島県","那賀郡那賀町"
"1526","36","徳島県","海部郡牟岐町"
"1527","36","徳島県","海部郡美波町"
"1528","36","徳島県","海部郡海陽町"
"1529","36","徳島県","板野郡松茂町"
"1530","36","徳島県","板野郡北島町"
"1531","36","徳島県","板野郡藍住町"
"1532","36","徳島県","板野郡板野町"
"1533","36","徳島県","板野郡上板町"
"1534","36","徳島県","美馬郡つるぎ町"
"1535","36","徳島県","三好郡東みよし町"
"1536","37","香川県","高松市"
"1537","37","香川県","丸亀市"
"1538","37","香川県","坂出市"
"1539","37","香川県","善通寺市"
"1540","37","香川県","観音寺市"
"1541","37","香川県","さぬき市"
"1542","37","香川県","東かがわ市"
"1543","37","香川県","三豊市"
"1544","37","香川県","小豆郡土庄町"
"1545","37","香川県","小豆郡小豆島町"
"1546","37","香川県","木田郡三木町"
"1547","37","香川県","香川郡直島町"
"1548","37","香川県","綾歌郡宇多津町"
"1549","37","香川県","綾歌郡綾川町"
"1550","37","香川県","仲多度郡琴平町"
"1551","37","香川県","仲多度郡多度津町"
"1552","37","香川県","仲多度郡まんのう町"
"1553","38","愛媛県","松山市"
"1554","38","愛媛県","今治市"
"1555","38","愛媛県","宇和島市"
"1556","38","愛媛県","八幡浜市"
"1557","38","愛媛県","新居浜市"
"1558","38","愛媛県","西条市"
"1559","38","愛媛県","大洲市"
"1560","38","愛媛県","伊予市"
"1561","38","愛媛県","四国中央市"
"1562","38","愛媛県","西予市"
"1563","38","愛媛県","東温市"
"1564","38","愛媛県","越智郡上島町"
"1565","38","愛媛県","上浮穴郡久万高原町"
"1566","38","愛媛県","伊予郡松前町"
"1567","38","愛媛県","伊予郡砥部町"
"1568","38","愛媛県","喜多郡内子町"
"1569","38","愛媛県","西宇和郡伊方町"
"1570","38","愛媛県","北宇和郡松野町"
"1571","38","愛媛県","北宇和郡鬼北町"
"1572","38","愛媛県","南宇和郡愛南町"
"1573","39","高知県","高知市"
"1574","39","高知県","室戸市"
"1575","39","高知県","安芸市"
"1576","39","高知県","南国市"
"1577","39","高知県","土佐市"
"1578","39","高知県","須崎市"
"1579","39","高知県","宿毛市"
"1580","39","高知県","土佐清水市"
"1581","39","高知県","四万十市"
"1582","39","高知県","香南市"
"1583","39","高知県","香美市"
"1584","39","高知県","安芸郡東洋町"
"1585","39","高知県","安芸郡奈半利町"
"1586","39","高知県","安芸郡田野町"
"1587","39","高知県","安芸郡安田町"
"1588","39","高知県","安芸郡北川村"
"1589","39","高知県","安芸郡馬路村"
"1590","39","高知県","安芸郡芸西村"
"1591","39","高知県","長岡郡本山町"
"1592","39","高知県","長岡郡大豊町"
"1593","39","高知県","土佐郡土佐町"
"1594","39","高知県","土佐郡大川村"
"1595","39","高知県","吾川郡いの町"
"1596","39","高知県","吾川郡仁淀川町"
"1597","39","高知県","高岡郡中土佐町"
"1598","39","高知県","高岡郡佐川町"
"1599","39","高知県","高岡郡越知町"
"1600","39","高知県","高岡郡檮原町"
"1601","39","高知県","高岡郡日高村"
"1602","39","高知県","高岡郡津野町"
"1603","39","高知県","高岡郡四万十町"
"1604","39","高知県","幡多郡大月町"
"1605","39","高知県","幡多郡三原村"
"1606","39","高知県","幡多郡黒潮町"
"1607","40","福岡県","北九州市門司区"
"1608","40","福岡県","北九州市若松区"
"1609","40","福岡県","北九州市戸畑区"
"1610","40","福岡県","北九州市小倉北区"
"1611","40","福岡県","北九州市小倉南区"
"1612","40","福岡県","北九州市八幡東区"
"1613","40","福岡県","北九州市八幡西区"
"1614","40","福岡県","福岡市東区"
"1615","40","福岡県","福岡市博多区"
"1616","40","福岡県","福岡市中央区"
"1617","40","福岡県","福岡市南区"
"1618","40","福岡県","福岡市西区"
"1619","40","福岡県","福岡市城南区"
"1620","40","福岡県","福岡市早良区"
"1621","40","福岡県","大牟田市"
"1622","40","福岡県","久留米市"
"1623","40","福岡県","直方市"
"1624","40","福岡県","飯塚市"
"1625","40","福岡県","田川市"
"1626","40","福岡県","柳川市"
"1627","40","福岡県","八女市"
"1628","40","福岡県","筑後市"
"1629","40","福岡県","大川市"
"1630","40","福岡県","行橋市"
"1631","40","福岡県","豊前市"
"1632","40","福岡県","中間市"
"1633","40","福岡県","小郡市"
"1634","40","福岡県","筑紫野市"
"1635","40","福岡県","春日市"
"1636","40","福岡県","大野城市"
"1637","40","福岡県","宗像市"
"1638","40","福岡県","太宰府市"
"1639","40","福岡県","古賀市"
"1640","40","福岡県","福津市"
"1641","40","福岡県","うきは市"
"1642","40","福岡県","宮若市"
"1643","40","福岡県","嘉麻市"
"1644","40","福岡県","朝倉市"
"1645","40","福岡県","みやま市"
"1646","40","福岡県","糸島市"
"1647","40","福岡県","那珂川市"
"1648","40","福岡県","糟屋郡宇美町"
"1649","40","福岡県","糟屋郡篠栗町"
"1650","40","福岡県","糟屋郡志免町"
"1651","40","福岡県","糟屋郡須惠町"
"1652","40","福岡県","糟屋郡新宮町"
"1653","40","福岡県","糟屋郡久山町"
"1654","40","福岡県","糟屋郡粕屋町"
"1655","40","福岡県","遠賀郡芦屋町"
"1656","40","福岡県","遠賀郡水巻町"
"1657","40","福岡県","遠賀郡岡垣町"
"1658","40","福岡県","遠賀郡遠賀町"
"1659","40","福岡県","鞍手郡小竹町"
"1660","40","福岡県","鞍手郡鞍手町"
"1661","40","福岡県","嘉穂郡桂川町"
"1662","40","福岡県","朝倉郡筑前町"
"1663","40","福岡県","朝倉郡東峰村"
"1664","40","福岡県","三井郡大刀洗町"
"1665","40","福岡県","三潴郡大木町"
"1666","40","福岡県","八女郡広川町"
"1667","40","福岡県","田川郡香春町"
"1668","40","福岡県","田川郡添田町"
"1669","40","福岡県","田川郡糸田町"
"1670","40","福岡県","田川郡川崎町"
"1671","40","福岡県","田川郡大任町"
"1672","40","福岡県","田川郡赤村"
"1673","40","福岡県","田川郡福智町"
"1674","40","福岡県","京都郡苅田町"
"1675","40","福岡県","京都郡みやこ町"
"1676","40","福岡県","築上郡吉富町"
"1677","40","福岡県","築上郡上毛町"
"1678","40","福岡県","築上郡築上町"
"1679","41","佐賀県","佐賀市"
"1680","41","佐賀県","唐津市"
"1681","41","佐賀県","鳥栖市"
"1682","41","佐賀県","多久市"
"1683","41","佐賀県","伊万里市"
"1684","41","佐賀県","武雄市"
"1685","41","佐賀県","鹿島市"
"1686","41","佐賀県","小城市"
"1687","41","佐賀県","嬉野市"
"1688","41","佐賀県","神埼市"
"1689","41","佐賀県","神埼郡吉野ヶ里町"
"1690","41","佐賀県","三養基郡基山町"
"1691","41","佐賀県","三養基郡上峰町"
"1692","41","佐賀県","三養基郡みやき町"
"1693","41","佐賀県","東松浦郡玄海町"
"1694","41","佐賀県","西松浦郡有田町"
"1695","41","佐賀県","杵島郡大町町"
"1696","41","佐賀県","杵島郡江北町"
"1697","41","佐賀県","杵島郡白石町"
"1698","41","佐賀県","藤津郡太良町"
"1699","42","長崎県","長崎市"
"1700","42","長崎県","佐世保市"
"1701","42","長崎県","島原市"
"1702","42","長崎県","諫早市"
"1703","42","長崎県","大村市"
"1704","42","長崎県","平戸市"
"1705","42","長崎県","松浦市"
"1706","42","長崎県","対馬市"
"1707","42","長崎県","壱岐市"
"1708","42","長崎県","五島市"
"1709","42","長崎県","西海市"
"1710","42","長崎県","雲仙市"
"1711","42","長崎県","南島原市"
"1712","42","長崎県","西彼杵郡長与町"
"1713","42","長崎県","西彼杵郡時津町"
"1714","42","長崎県","東彼杵郡東彼杵町"
"1715","42","長崎県","東彼杵郡川棚町"
"1716","42","長崎県","東彼杵郡波佐見町"
"1717","42","長崎県","北松浦郡小値賀町"
"1718","42","長崎県","北松浦郡佐々町"
"1719","42","長崎県","南松浦郡新上五島町"
"1720","43","熊本県","熊本市中央区"
"1721","43","熊本県","熊本市東区"
"1722","43","熊本県","熊本市西区"
"1723","43","熊本県","熊本市南区"
"1724","43","熊本県","熊本市北区"
"1725","43","熊本県","八代市"
"1726","43","熊本県","人吉市"
"1727","43","熊本県","荒尾市"
"1728","43","熊本県","水俣市"
"1729","43","熊本県","玉名市"
"1730","43","熊本県","山鹿市"
"1731","43","熊本県","菊池市"
"1732","43","熊本県","宇土市"
"1733","43","熊本県","上天草市"
"1734","43","熊本県","宇城市"
"1735","43","熊本県","阿蘇市"
"1736","43","熊本県","天草市"
"1737","43","熊本県","合志市"
"1738","43","熊本県","下益城郡美里町"
"1739","43","熊本県","玉名郡玉東町"
"1740","43","熊本県","玉名郡南関町"
"1741","43","熊本県","玉名郡長洲町"
"1742","43","熊本県","玉名郡和水町"
"1743","43","熊本県","菊池郡大津町"
"1744","43","熊本県","菊池郡菊陽町"
"1745","43","熊本県","阿蘇郡南小国町"
"1746","43","熊本県","阿蘇郡小国町"
"1747","43","熊本県","阿蘇郡産山村"
"1748","43","熊本県","阿蘇郡高森町"
"1749","43","熊本県","阿蘇郡西原村"
"1750","43","熊本県","阿蘇郡南阿蘇村"
"1751","43","熊本県","上益城郡御船町"
"1752","43","熊本県","上益城郡嘉島町"
"1753","43","熊本県","上益城郡益城町"
"1754","43","熊本県","上益城郡甲佐町"
"1755","43","熊本県","上益城郡山都町"
"1756","43","熊本県","八代郡氷川町"
"1757","43","熊本県","葦北郡芦北町"
"1758","43","熊本県","葦北郡津奈木町"
"1759","43","熊本県","球磨郡錦町"
"1760","43","熊本県","球磨郡多良木町"
"1761","43","熊本県","球磨郡湯前町"
"1762","43","熊本県","球磨郡水上村"
"1763","43","熊本県","球磨郡相良村"
"1764","43","熊本県","球磨郡五木村"
"1765","43","熊本県","球磨郡山江村"
"1766","43","熊本県","球磨郡球磨村"
"1767","43","熊本県","球磨郡あさぎり町"
"1768","43","熊本県","天草郡苓北町"
"1769","44","大分県","大分市"
"1770","44","大分県","別府市"
"1771","44","大分県","中津市"
"1772","44","大分県","日田市"
"1773","44","大分県","佐伯市"
"1774","44","大分県","臼杵市"
"1775","44","大分県","津久見市"
"1776","44","大分県","竹田市"
"1777","44","大分県","豊後高田市"
"1778","44","大分県","杵築市"
"1779","44","大分県","宇佐市"
"1780","44","大分県","豊後大野市"
"1781","44","大分県","由布市"
"1782","44","大分県","国東市"
"1783","44","大分県","東国東郡姫島村"
"1784","44","大分県","速見郡日出町"
"1785","44","大分県","玖珠郡九重町"
"1786","44","大分県","玖珠郡玖珠町"
"1787","45","宮崎県","宮崎市"
"1788","45","宮崎県","都城市"
"1789","45","宮崎県","延岡市"
"1790","45","宮崎県","日南市"
"1791","45","宮崎県","小林市"
"1792","45","宮崎県","日向市"
"1793","45","宮崎県","串間市"
"1794","45","宮崎県","西都市"
"1795","45","宮崎県","えびの市"
"1796","45","宮崎県","北諸県郡三股町"
"1797","45","宮崎県","西諸県郡高原町"
"1798","45","宮崎県","東諸県郡国富町"
"1799","45","宮崎県","東諸県郡綾町"
"1800","45","宮崎県","児湯郡高鍋町"
"1801","45","宮崎県","児湯郡新富町"
"1802","45","宮崎県","児湯郡西米良村"
"1803","45","宮崎県","児湯郡木城町"
"1804","45","宮崎県","児湯郡川南町"
"1805","45","宮崎県","児湯郡都農町"
"1806","45","宮崎県","東臼杵郡門川町"
"1807","45","宮崎県","東臼杵郡諸塚村"
"1808","45","宮崎県","東臼杵郡椎葉村"
"1809","45","宮崎県","東臼杵郡美郷町"
"1810","45","宮崎県","西臼杵郡高千穂町"
"1811","45","宮崎県","西臼杵郡日之影町"
"1812","45","宮崎県","西臼杵郡五ヶ瀬町"
"1813","46","鹿児島県","鹿児島市"
"1814","46","鹿児島県","鹿屋市"
"1815","46","鹿児島県","枕崎市"
"1816","46","鹿児島県","阿久根市"
"1817","46","鹿児島県","出水市"
"1818","46","鹿児島県","指宿市"
"1819","46","鹿児島県","西之表市"
"1820","46","鹿児島県","垂水市"
"1821","46","鹿児島県","薩摩川内市"
"1822","46","鹿児島県","日置市"
"1823","46","鹿児島県","曽於市"
"1824","46","鹿児島県","霧島市"
"1825","46","鹿児島県","いちき串木野市"
"1826","46","鹿児島県","南さつま市"
"1827","46","鹿児島県","志布志市"
"1828","46","鹿児島県","奄美市"
"1829","46","鹿児島県","南九州市"
"1830","46","鹿児島県","伊佐市"
"1831","46","鹿児島県","姶良市"
"1832","46","鹿児島県","鹿児島郡三島村"
"1833","46","鹿児島県","鹿児島郡十島村"
"1834","46","鹿児島県","薩摩郡さつま町"
"1835","46","鹿児島県","出水郡長島町"
"1836","46","鹿児島県","姶良郡湧水町"
"1837","46","鹿児島県","曽於郡大崎町"
"1838","46","鹿児島県","肝属郡東串良町"
"1839","46","鹿児島県","肝属郡錦江町"
"1840","46","鹿児島県","肝属郡南大隅町"
"1841","46","鹿児島県","肝属郡肝付町"
"1842","46","鹿児島県","熊毛郡中種子町"
"1843","46","鹿児島県","熊毛郡南種子町"
"1844","46","鹿児島県","熊毛郡屋久島町"
"1845","46","鹿児島県","大島郡大和村"
"1846","46","鹿児島県","大島郡宇検村"
"1847","46","鹿児島県","大島郡瀬戸内町"
"1848","46","鹿児島県","大島郡龍郷町"
"1849","46","鹿児島県","大島郡喜界町"
"1850","46","鹿児島県","大島郡徳之島町"
"1851","46","鹿児島県","大島郡天城町"
"1852","46","鹿児島県","大島郡伊仙町"
"1853","46","鹿児島県","大島郡和泊町"
"1854","46","鹿児島県","大島郡知名町"
"1855","46","鹿児島県","大島郡与論町"
"1856","47","沖縄県","那覇市"
"1857","47","沖縄県","宜野湾市"
"1858","47","沖縄県","石垣市"
"1859","47","沖縄県","浦添市"
"1860","47","沖縄県","名護市"
"1861","47","沖縄県","糸満市"
"1862","47","沖縄県","沖縄市"
"1863","47","沖縄県","豊見城市"
"1864","47","沖縄県","うるま市"
"1865","47","沖縄県","宮古島市"
"1866","47","沖縄県","南城市"
"1867","47","沖縄県","国頭郡国頭村"
"1868","47","沖縄県","国頭郡大宜味村"
"1869","47","沖縄県","国頭郡東村"
"1870","47","沖縄県","国頭郡今帰仁村"
"1871","47","沖縄県","国頭郡本部町"
"1872","47","沖縄県","国頭郡恩納村"
"1873","47","沖縄県","国頭郡宜野座村"
"1874","47","沖縄県","国頭郡金武町"
"1875","47","沖縄県","国頭郡伊江村"
"1876","47","沖縄県","中頭郡読谷村"
"1877","47","沖縄県","中頭郡嘉手納町"
"1878","47","沖縄県","中頭郡北谷町"
"1879","47","沖縄県","中頭郡北中城村"
"1880","47","沖縄県","中頭郡中城村"
"1881","47","沖縄県","中頭郡西原町"
"1882","47","沖縄県","島尻郡与那原町"
"1883","47","沖縄県","島尻郡南風原町"
"1884","47","沖縄県","島尻郡渡嘉敷村"
"1885","47","沖縄県","島尻郡座間味村"
"1886","47","沖縄県","島尻郡粟国村"
"1887","47","沖縄県","島尻郡渡名喜村"
"1888","47","沖縄県","島尻郡南大東村"
"1889","47","沖縄県","島尻郡北大東村"
"1890","47","沖縄県","島尻郡伊平屋村"
"1891","47","沖縄県","島尻郡伊是名村"
"1892","47","沖縄県","島尻郡久米島町"
"1893","47","沖縄県","島尻郡八重瀬町"
"1894","47","沖縄県","宮古郡多良間村"
"1895","47","沖縄県","八重山郡竹富町"
"1896","47","沖縄県","八重山郡与那国町"